Season,TeamName,de_TOPct,de_ORPct,de_FTRate,o_eFGPct,o_TOPct,o_ORPct,o_FTRate,Tempo,OE,DE,AdjDE,AdjEM,Off_2,Off_3,Def_2,Def_3,CONF,G,W,2P_D,3P_O,3P_D,WAB,POSTSEASON,SEED,FUTURE_ODDS
2023,Alabama,15.82836797,27.90123457,32.63510683,52.11754538,18.6730977,34.204947,36.64649957,72.728,110.678,91.7502,88.2114,27.2842,43.40931615,36.27353816,54.07759303,23.99049881,SEC,37,31,40.8,33.5,28.3,10.2,S16,1,0.1111111111111111
2023,Arizona,16.92909713,26.08695652,25.49638989,56.49131274,18.38240709,30.7161346,35.81081081,72.7404,112.307,97.8503,96.3422,21.9018,50.80251221,30.87927425,50.44176707,33.37349398,P12,35,28,46.2,37.8,32.3,7.6,R64,2,0.07692307692307693
2023,Arizona St.,20.11120901,31.49664929,33.49236641,48.40499307,16.80580238,29.17282127,31.20665742,69.0271,102.35,97.6085,95.7775,13.2616,49.70691676,32.12192263,45.52513282,34.20514916,P12,36,23,43.6,32.2,34.1,1.2,R64,11,0.004975124378109453
2023,Arkansas,20.45703137,27.90697674,39.47895792,50.92098885,18.0526404,30.72487644,39.26320892,70.2183,105.131,96.5426,94.0204,18.0488,58.66466617,20.14253563,53.80212592,23.18070319,SEC,36,22,47.4,31.3,31.1,0.4,S16,8,0.0196078431372549
2023,Auburn,18.86621315,32.38866397,38.88314374,49.49773983,17.67106843,32.8358209,36.31341035,68.643,105.535,98.3279,95.7074,16.7721,52.8698464,26.79870655,51.78105995,25.02172024,SEC,34,21,47.0,31.5,28.8,1.1,R32,9,0.006622516556291391
2023,Baylor,19.93244156,30.85972851,31.28286015,53.21921308,17.85704635,34.41901408,36.79100664,67.7673,113.182,103.795,101.629,19.6828,42.53531882,36.99885452,52.74173294,29.38467978,B12,34,23,53.3,36.8,32.5,5.2,R32,3,0.058823529411764705
2023,Boise St.,17.5402197,24.0034662,27.57333333,51.64981373,16.64302176,27.17291857,30.33528473,66.8032,105.954,96.283,95.0639,15.8506,50.0635324,32.14739517,52.51865672,30.64365672,MWC,33,24,48.0,35.6,31.2,2.1,R64,10,0.004975124378109453
2023,Charleston,19.30752808,25.44861338,24.9383933,51.09864423,16.66718236,34.63302752,32.7255727,70.7782,111.59,94.2271,98.7344,11.8486,43.72230428,37.0014771,59.40507437,25.59055118,CAA,34,31,49.1,33.0,30.1,1.7,R64,12,0.004975124378109453
2023,Colgate,17.71885932,24.5021645,20.03998001,58.20591233,15.03287087,25.16619183,27.37003058,67.8904,114.394,102.413,107.478,5.24127,55.37878788,31.13636364,54.94505495,33.34742181,Pat,34,26,51.5,40.5,35.6,-3.7,R64,15,0.000999000999000999
2023,Connecticut,18.49116934,26.00864553,37.76223776,53.94342049,18.86624377,38.43821077,30.81868838,68.3625,114.768,94.0146,90.9361,29.8627,47.5848564,34.56266319,52.93882447,23.27069172,BE,39,31,44.4,36.3,29.7,5.0,Champions,4,0.047619047619047616
2023,Creighton,13.87287717,23.47012239,19.72555746,54.22828096,16.62420197,25.2892562,28.37338262,69.2774,109.584,97.8516,93.1568,21.8253,49.15134371,33.84016973,59.4231529,27.38048202,BE,37,24,45.7,35.4,33.6,2.2,E8,6,0.024390243902439025
2023,Drake,17.51746083,22.37936772,27.40434333,52.86591607,15.53272389,23.76681614,28.40327533,66.7615,107.894,94.2905,96.4972,11.9045,51.58443642,31.28760529,51.2797075,31.67276051,MVC,34,27,46.9,36.4,31.3,-0.7,R64,12,0.001996007984031936
2023,Duke,16.52342491,26.04006163,23.71332371,51.08590734,18.25606026,35.91022444,29.92277992,65.5215,109.708,96.7324,93.8633,19.3546,53.31790123,28.35648148,53.97379913,29.6069869,ACC,36,27,46.2,33.5,30.5,4.5,R32,5,0.001996007984031936
2023,Fairleigh Dickinson,21.10419431,29.34293429,33.88090349,51.25581395,16.36901725,30.94669849,27.90697674,69.2289,108.546,107.106,115.056,-8.36075,51.54251317,31.37697517,49.543379,31.50684932,NEC,35,21,55.8,34.3,35.3,-12.2,R32,16,0.000999000999000999
2023,Florida Atlantic,17.73705117,25.38071066,26.33272059,54.29740791,16.87182916,31.35261923,29.60436562,68.2735,112.404,95.5977,95.7374,19.381,46.41232062,37.17185859,52.32797693,30.28430161,CUSA,37,35,44.7,36.6,32.4,4.7,F4,9,0.004975124378109453
2023,Furman,18.14753068,27.33686067,31.84210526,54.9533195,15.74243625,28.96613191,34.75103734,68.5414,114.147,102.943,105.455,8.01463,45.86523737,35.26033691,54.18259023,27.51592357,SC,33,28,51.5,34.1,32.7,-2.0,R32,13,0.000999000999000999
2023,Gonzaga,17.82365791,25.56332556,26.00364964,57.55656109,14.84660442,31.21869783,34.11764706,71.6299,118.51,103.403,99.2782,23.0216,56.5373329,26.41017281,50.5798728,33.78226712,WCC,36,31,50.6,37.5,35.2,6.6,E8,3,0.047619047619047616
2023,Grand Canyon,15.12571542,30.43117745,33.17757009,52.79468733,18.13263476,30.15726179,36.85666851,65.9853,108.387,104.17,106.067,5.88121,45.30201342,34.73154362,53.59649123,26.71052632,WAC,33,24,47.1,37.6,32.3,-3.8,R64,14,0.0004997501249375312
2023,Houston,21.09069311,27.67389678,35.74754268,52.29232864,15.42204832,37.11824589,28.8697231,64.8422,115.652,88.7213,90.4269,27.7167,52.41877256,30.75812274,44.59078081,33.01975541,Amer,37,33,43.4,34.0,27.9,8.0,S16,1,0.14285714285714285
2023,Howard,20.55004154,31.91489362,33.95721925,51.83189655,22.91111014,33.72727273,32.16594828,71.2145,102.596,102.712,106.873,-3.38282,49.95744681,31.91489362,51.38474648,29.78270132,MEAC,32,22,51.1,36.9,33.8,-7.3,R64,16,0.0004997501249375312
2023,Illinois,18.48839089,26.74418605,30.14477766,51.36176773,18.35910144,31.57894737,34.27543679,69.536,105.528,95.9473,94.8894,16.2206,50.81566069,30.7096248,54.7833935,26.66967509,B10,33,20,45.1,30.8,33.4,0.9,R64,9,0.012345679012345678
2023,Indiana,16.28513565,28.97553517,29.79846449,53.54870289,16.78493521,28.13321648,29.46647088,68.3688,108.714,100.151,97.1974,17.0251,60.70336391,22.93577982,49.00166389,32.8202995,B10,35,23,45.4,36.8,33.4,3.4,R32,4,0.024390243902439025
2023,Iona,20.80661841,30.68825911,30.92629482,51.66198502,15.18097208,31.57467532,28.97940075,68.8232,110.27,95.1272,99.3505,11.3472,55.11278195,27.85714286,53.89638659,27.03526339,MAAC,35,27,47.1,36.2,29.7,-1.7,R64,13,0.000999000999000999
2023,Iowa,18.24470059,27.37881508,23.81432896,51.68512277,13.98473512,32.14862682,32.30621088,69.6427,113.258,106.018,104.643,15.3869,51.17335352,30.09084027,57.22402597,28.49025974,B10,33,19,52.5,34.0,36.6,0.3,R64,8,0.012345679012345678
2023,Iowa St.,25.03962509,26.53266332,40.80100125,49.92029756,19.54647151,33.89830508,27.89585547,65.6871,101.997,94.887,91.0402,17.0379,55.84939489,28.37292694,40.54184809,36.57474601,B12,33,19,49.2,33.1,33.7,2.4,R64,6,0.009900990099009901
2023,Kansas,20.25097446,28.71212121,31.09843081,52.63772176,17.45909254,28.72253865,29.83193277,70.1771,106.633,96.4689,91.7905,22.8456,55.32228361,27.73480663,52.48979592,28.16326531,B12,36,28,47.2,34.7,31.0,10.1,R32,1,0.1111111111111111
2023,Kansas St.,20.95904077,30.3125,36.28019324,52.32837254,19.29316507,29.88215488,36.0537686,70.5105,106.065,97.1248,95.0325,18.5088,51.27644055,28.22757112,51.1332008,28.03180915,B12,36,26,49.2,34.3,30.8,4.2,E8,3,0.014925373134328358
2023,Kennesaw St.,19.45429802,25.44103993,36.82432432,52.68935236,17.84797983,27.3308958,35.8946213,69.2706,104.962,101.284,101.819,4.04337,49.46876328,32.12919677,48.50088183,31.48148148,ASun,32,26,50.6,36.8,34.5,-1.4,R64,14,0.0001999600079984003
2023,Kent St.,22.24803285,30.21015762,38.08463252,50.80160321,16.2716005,31.19188504,31.51302605,69.2054,108.302,96.0599,96.5223,11.2,50.98670963,30.68868304,46.94621696,30.4922516,MAC,33,28,47.9,33.2,31.0,0.8,R64,13,0.001996007984031936
2023,Kentucky,16.56740069,25.06482282,29.91187144,50.63569682,17.48538331,39.20265781,31.93154034,66.7883,110.982,100.918,98.7991,17.3987,56.55608215,25.23696682,52.49457701,28.89370933,SEC,34,22,48.6,34.7,32.4,1.6,R32,6,0.0196078431372549
2023,Louisiana,18.35560472,26.33624879,34.15756182,52.80898876,17.65322189,33.33333333,37.02247191,68.6117,108.848,101.53,102.935,8.50575,54.34969854,26.61498708,55.19779209,25.66697332,SB,31,26,49.3,36.5,35.6,-0.5,R64,13,0.0003332222592469177
2023,Marquette,22.5285312,31.71334432,29.12433478,55.97976081,15.25616323,26.24172185,27.04691812,69.3382,112.892,100.116,96.6971,22.3811,51.40056022,33.82352941,51.38339921,31.8972332,BE,36,29,50.3,35.3,34.7,7.8,R32,2,0.038461538461538464
2023,Maryland,18.40886893,28.12769629,28.39958159,50.83116883,16.4664463,30.0,34.28571429,64.4904,108.155,98.2063,95.5513,17.9907,51.55737705,28.64754098,55.53555356,26.59765977,B10,35,22,47.4,32.8,32.3,1.0,R32,8,0.012345679012345678
2023,Memphis,20.78582962,32.70392749,34.3897824,53.02958015,18.28056956,31.21783877,35.44847328,72.2139,108.543,98.0504,96.1,18.5258,56.80345572,23.21814255,45.30254777,33.32006369,Amer,35,26,47.1,35.3,30.8,4.7,R64,8,0.006622516556291391
2023,Miami FL,18.08849886,28.77470356,24.02890696,54.28571429,16.05696119,31.78807947,30.70294785,68.9572,114.09,103.858,101.204,17.9395,53.33333333,28.51282051,53.06275836,32.1307779,ACC,37,29,51.8,36.8,33.5,3.7,F4,5,0.0196078431372549
2023,Michigan St.,14.79496351,25.18579686,27.96136248,51.69753086,16.38963024,27.60791367,27.16049383,65.3981,106.671,102.032,96.6258,17.6113,52.01161344,31.3562837,51.0177566,31.83196189,B10,34,21,48.7,39.3,32.4,2.4,S16,7,0.014925373134328358
2023,Mississippi St.,21.70430123,28.61952862,27.58247701,46.74586777,19.38203031,35.54119548,33.83264463,64.908,100.04,92.7221,91.3545,13.4946,57.11727842,23.90331244,45.92378196,36.46888567,SEC,34,21,45.8,26.6,31.1,0.4,R68,11,0.0033222591362126247
2023,Missouri,24.0053931,37.19563392,34.18418418,54.99521989,15.8143637,26.33814783,29.06309751,69.987,112.051,105.834,105.259,13.0657,48.00868936,35.30050688,44.70046083,35.59907834,SEC,35,25,52.2,36.0,35.0,3.5,R32,7,0.004975124378109453
2023,Montana St.,20.07393301,25.42694497,35.10758777,50.95430885,17.78873082,25.65597668,43.95604396,67.1761,105.031,99.4342,99.6127,5.49049,51.75363559,23.60992301,51.19423164,28.12077512,BSky,33,25,48.8,31.8,34.6,-2.7,R64,14,0.0004997501249375312
2023,N.C. State,18.85445536,26.20274914,34.02382185,51.4436297,13.31149744,30.36277603,25.25206233,69.7994,110.707,101.323,100.004,13.5467,53.04578131,31.89557321,54.31893688,25.53986711,ACC,34,23,50.9,34.7,31.6,1.1,R64,11,0.006622516556291391
2023,Nevada,18.46613096,24.93125573,31.75675676,50.7204611,15.27273989,22.78846154,39.13544669,66.2295,106.537,100.796,99.0956,12.7358,47.32492388,29.23010004,47.06959707,33.92857143,MWC,32,22,50.0,34.4,33.0,0.7,R68,11,0.002849002849002849
2023,Northern Kentucky,23.36729286,33.00970874,30.50058207,49.06865354,17.33702373,31.57439446,26.92921767,63.1347,103.839,100.388,102.151,0.65486,47.77475023,35.96730245,48.64104967,34.02061856,Horz,33,22,49.3,34.3,36.4,-6.7,R64,16,0.0001999600079984003
2023,Northwestern,21.25293463,27.71929825,31.64908384,47.28150407,14.69283219,28.52485738,29.67479675,65.0238,103.382,96.4676,94.2864,15.5942,47.06904038,33.73860182,45.92314902,35.84817245,B10,34,22,46.8,32.1,33.8,1.6,R32,7,0.007936507936507936
2023,Oral Roberts,17.42799801,27.73037543,21.71428571,55.44987147,13.21966253,24.49168207,24.2159383,70.5206,115.34,99.5374,102.229,11.654,46.57425743,38.85148515,50.27624309,35.91160221,Sum,31,30,46.8,36.5,34.3,1.6,R64,12,0.001996007984031936
2023,Penn St.,13.08720849,25.57077626,25.51819438,55.44765514,13.70647703,19.1722973,21.2695405,64.4081,110.252,104.293,101.133,16.0438,44.36962215,43.20987654,52.77337559,31.73534073,B10,37,23,49.2,38.7,32.7,1.3,R32,10,0.00398406374501992
2023,Pittsburgh,16.57049859,28.63670982,30.39585297,52.49879865,16.32561438,29.49756888,32.86881307,68.0594,110.517,102.574,101.345,12.8619,44.74852071,36.05769231,49.32270916,32.62948207,ACC,36,24,48.2,36.0,32.6,-0.3,R32,11,0.004975124378109453
2023,Princeton,14.6269053,22.6071103,28.12852311,52.19842165,16.46130266,28.13397129,30.38331454,68.1726,107.905,99.7884,101.45,8.03533,50.08944544,32.73703041,55.42635659,27.76162791,Ivy,30,23,48.1,33.7,32.7,-3.2,S16,15,0.001996007984031936
2023,Providence,16.86632781,27.18776551,25.35353535,51.13924051,16.86632781,34.72584856,36.30379747,68.2455,110.996,102.466,100.767,15.394,53.52664577,25.62695925,55.22833974,28.80921895,BE,33,21,49.2,34.6,33.8,1.3,R64,11,0.007936507936507936
2023,Purdue,15.43656536,23.50993377,19.21936759,51.83367769,17.21088322,38.35860839,37.19008264,64.2011,112.788,97.5092,94.4582,23.2412,50.72748722,28.19504522,56.19307832,30.73770492,B10,35,29,47.2,32.2,31.3,9.4,R64,1,0.08333333333333333
2023,Saint Mary's,19.22955858,21.86915888,29.86864649,52.00739567,16.39090946,32.54113346,32.01267829,63.5366,109.432,93.5487,91.3745,21.2358,50.89995814,31.51946421,53.30720235,27.48652621,WCC,34,27,45.7,36.1,33.3,3.4,R32,5,0.0196078431372549
2023,San Diego St.,19.08661139,26.07361963,30.20584011,49.31318681,17.28005969,31.61538462,33.24175824,66.5573,105.527,94.9483,90.4127,20.3446,52.1641791,28.20895522,51.11662531,29.28039702,MWC,38,32,49.3,34.0,28.3,5.7,2ND,5,0.009900990099009901
2023,Southeast Missouri St.,19.00460911,28.27181208,44.14141414,50.12159533,17.28047962,25.0,38.18093385,73.7684,102.523,103.126,107.692,-7.21346,47.42268041,31.27147766,49.18529746,27.85145889,OVC,34,19,50.7,33.2,35.0,-11.7,R68,16,0.000999000999000999
2023,TCU,21.64419592,30.50570962,30.07850834,49.97650376,16.70498238,32.1857486,34.06954887,70.9199,105.573,96.2643,94.3261,17.7777,58.3143508,22.43735763,54.36325678,27.55741127,B12,35,22,49.2,31.0,30.8,2.2,R32,6,0.029411764705882353
2023,Tennessee,22.18755417,26.85258964,33.77308707,49.88078207,18.11143153,36.42072214,30.66285169,65.8745,107.458,87.8749,87.5318,23.7996,49.62701217,32.50883392,47.69673704,30.2303263,SEC,36,25,45.1,32.8,26.5,2.8,S16,4,0.03225806451612903
2023,Texas,22.10848018,29.00763359,33.72420263,53.29838357,16.31197109,28.3062645,30.53735256,70.1213,110.06,95.4826,92.1146,24.4345,54.60681741,27.74215322,51.66795966,27.92862684,B12,38,29,47.9,34.7,32.4,7.5,E8,2,0.038461538461538464
2023,Texas A&M,20.85539021,30.42414356,34.66735967,48.83540373,18.30166896,36.73986486,45.13457557,67.1289,108.589,98.935,97.0025,16.7081,48.48960377,25.53942723,42.37215299,37.38719381,SEC,35,25,47.2,32.6,33.0,3.7,R64,7,0.014925373134328358
2023,Texas A&M Corpus Chris,20.38395046,27.82526116,38.22682786,50.47923323,17.71731393,32.76633841,34.82428115,70.812,109.414,102.939,107.608,-0.48404,49.09090909,29.25619835,48.20333041,31.9456617,Slnd,31,24,54.1,36.4,33.8,-6.0,R64,16,0.0001999600079984003
2023,Texas Southern,18.70658243,27.5713051,38.7605042,46.09254499,20.2584738,29.24836601,34.29305913,70.6917,93.8557,101.677,106.557,-11.1603,59.41834452,20.80536913,50.06206041,28.05130327,SWAC,33,14,48.9,28.0,33.9,-13.5,R68,16,0.0001999600079984003
2023,UC Santa Barbara,18.53224611,26.12011439,29.22041503,54.08394782,17.0033358,26.2195122,34.42994895,65.142,109.059,101.006,104.635,5.68197,58.19881054,22.81223449,55.37190083,26.72176309,BW,33,27,49.3,34.8,34.6,-1.5,R64,14,0.000999000999000999
2023,UCLA,23.32865755,28.24858757,27.45983936,51.06904232,14.92229647,33.01737757,27.43875278,67.1949,110.293,90.3534,87.9554,27.2885,58.76777251,24.82683194,50.95768374,32.07126949,P12,37,31,46.9,34.9,31.1,8.4,S16,2,0.1
2023,UNC Asheville,17.7828143,29.14238135,26.7740312,53.63429869,20.09283675,25.70621469,40.88586031,68.5229,103.932,100.292,102.735,1.2216,47.319933,31.7839196,56.64639444,26.71589922,BSth,33,27,49.5,38.6,30.6,-1.9,R64,15,0.0003332222592469177
2023,USC,17.82307073,32.27597145,30.24785028,51.25066525,18.0877698,28.86405959,33.20915381,68.4392,105.343,98.1407,97.4507,14.8453,53.70138018,26.85069009,47.75179856,33.04856115,P12,33,22,42.7,34.5,33.4,2.1,R64,10,0.004975124378109453
2023,Utah St.,15.74318662,24.48644207,30.3544683,55.46834118,17.56786862,27.38317757,34.85086342,69.0604,111.473,101.041,98.9082,17.3882,45.93155894,34.67680608,51.30361648,29.77291842,MWC,34,26,46.2,37.9,34.5,2.9,R64,10,0.004975124378109453
2023,VCU,23.94407468,29.958159,31.10877562,51.95500803,19.59060656,28.85129118,41.56400643,68.2543,103.74,92.3929,93.7927,12.8435,52.58064516,25.64516129,52.86103542,28.20163488,A10,35,27,46.4,34.8,31.9,1.0,R64,12,0.001996007984031936
2023,Vermont,16.58885866,22.31638418,26.90829215,54.83342436,14.25175426,19.23444976,28.12670672,65.3836,108.774,101.302,104.188,5.33029,48.52320675,36.20253165,52.68865793,31.31495707,AE,33,23,50.1,36.0,35.1,-3.8,R64,15,0.000999000999000999
2023,Virginia,19.47859711,24.88129155,26.32498544,51.16147309,13.63018458,25.6097561,34.73087819,62.4659,108.187,96.4862,94.4733,16.3704,51.22932499,29.50379973,47.89579158,35.17034068,ACC,33,25,46.4,35.0,34.1,4.1,R64,4,0.0196078431372549
2023,West Virginia,20.8827817,29.31985294,38.66451265,51.51049667,18.52504829,34.01420959,39.37532002,69.5927,108.949,101.808,98.1164,18.8183,49.09020519,28.80371661,50.76731647,27.62339278,B12,34,19,50.8,35.0,34.0,1.5,R64,9,0.007936507936507936
2023,Xavier,16.2399319,25.01845018,27.04595186,55.23049645,17.17541185,30.74433657,31.38297872,72.0123,111.941,102.751,98.5799,19.9466,55.75959933,27.4457429,53.84896023,29.98905509,BE,37,27,48.6,39.0,35.8,5.4,S16,3,0.0196078431372549
2022,Akron,17.5117856,26.36954503,26.18368511,52.49399038,17.80527922,28.92156863,39.30288462,63.6546,107.368,99.9099,102.02,3.62246,46.25170377,33.1213085,52.49266862,31.67155425,MAC,32,24,47.4,35.3,34.8,-4.3,R64,13,0.0003332222592469177
2022,Alabama,17.92945686,30.49074819,34.76331361,51.32722008,19.78422826,35.27533919,32.86679537,73.269,108.532,104.254,98.6141,16.5677,46.20663363,34.88372093,50.89179548,29.13198573,SEC,33,19,49.3,30.9,33.8,2.0,R64,6,0.0196078431372549
2022,Arizona,17.42099193,28.58068697,24.04166667,55.5531071,18.34371396,34.68067906,34.94931688,72.7151,114.737,93.265,92.5895,25.9634,53.4277438,27.71161893,52.025417,32.52581414,P12,37,33,41.8,35.3,32.8,8.8,S16,1,0.1111111111111111
2022,Arkansas,20.49214748,25.28047868,31.8969555,48.57206604,16.87149483,29.563932,37.17090585,71.923,104.945,94.3263,90.3992,19.4643,52.59786477,24.87544484,48.35773645,31.93510091,SEC,37,28,46.8,30.4,32.4,4.5,E8,4,0.024390243902439025
2022,Auburn,20.03800311,28.91748675,34.24317618,49.88452656,16.74575513,33.61669243,31.59353349,71.2739,108.011,92.6285,89.4805,23.2026,50.30075188,30.90225564,48.31509847,29.5404814,SEC,34,28,42.8,31.8,31.0,7.4,R32,2,0.09090909090909091
2022,Baylor,22.97737898,28.82960413,27.74841438,52.76044167,17.91384547,36.32585204,28.99663946,68.6022,111.568,92.7346,90.9821,27.0396,52.53913708,31.3860252,54.54545455,28.51239669,B12,34,27,49.2,34.3,30.2,8.9,R32,1,0.06666666666666667
2022,Boise St.,20.21517935,22.44131455,25.86206897,50.72972973,18.46319714,30.60686016,35.18918919,64.7873,103.088,93.215,92.3895,15.1365,49.89135159,31.68187744,55.86107091,27.93053546,MWC,34,27,48.0,34.0,32.6,3.5,R64,8,0.004975124378109453
2022,Bryant,16.56406151,31.62055336,25.22080471,49.61099585,18.9934572,32.85229202,32.72821577,72.4779,105.143,101.064,105.14,-1.31785,48.58947368,31.95789474,55.53618134,29.03225806,NEC,31,22,47.0,30.3,32.5,-4.8,R68,16,0.0003332222592469177
2022,Cal St. Fullerton,20.21595455,28.23408624,25.69360676,48.91107078,17.90842624,29.05198777,34.84573503,66.4492,103.497,100.048,102.678,1.46628,54.49247207,24.0407965,51.20481928,33.88554217,BW,30,21,48.4,33.4,37.3,-5.0,R64,15,0.000999000999000999
2022,Chattanooga,18.14454774,26.24886467,27.81420765,52.18978102,16.95022307,32.68876611,26.7987487,65.5072,110.162,99.1434,97.4594,11.5135,52.090301,31.60535117,52.70958777,30.98656786,SC,33,27,52.1,33.9,30.3,0.2,R64,13,0.000999000999000999
2022,Colgate,15.97603595,25.12195122,24.1191067,55.6148374,16.97453819,26.74315975,26.32113821,67.4816,110.662,99.619,103.762,4.41051,46.6849745,39.19183994,54.19747716,31.57894737,Pat,34,23,48.0,40.4,33.7,-6.1,R64,14,0.0004997501249375312
2022,Colorado St.,18.4805057,25.0501002,25.55223881,54.7849788,15.21628595,21.83406114,29.61841308,65.8418,109.518,99.6331,98.4013,14.4511,50.75445816,31.96159122,48.26196474,36.2720403,MWC,30,25,51.0,35.6,32.7,4.3,R64,6,0.006622516556291391
2022,Connecticut,17.97522844,27.55775578,31.74854728,49.60415636,17.26333821,37.72802653,30.47996042,66.755,109.517,96.2022,95.2778,18.5464,51.43782908,29.7691373,50.48723898,30.34802784,BE,33,23,42.6,35.2,35.3,3.1,R64,5,0.014925373134328358
2022,Creighton,15.48159485,28.54077253,20.77687444,50.62437562,20.42076318,28.35443038,26.72327672,68.1373,100.188,96.4531,92.1724,13.7758,54.58298927,29.10817506,55.50774527,30.07745267,BE,35,23,43.6,30.8,31.7,1.7,R32,9,0.00398406374501992
2022,Davidson,16.74506331,22.39072257,27.9516749,55.65673289,14.7669377,23.6043095,32.50551876,65.6444,113.27,100.494,101.91,14.8511,46.97277529,34.98577814,45.87155963,36.88073394,A10,33,27,48.9,38.5,33.6,2.1,R64,10,0.00398406374501992
2022,Delaware,18.45488925,31.30360206,29.06976744,53.37259101,18.32522961,26.74199623,34.52890792,67.5531,106.9,103.648,104.333,2.64134,50.76798707,29.83023444,50.31236985,31.48688047,CAA,34,22,47.7,34.5,35.4,-5.5,R64,15,0.0004997501249375312
2022,Duke,15.71819785,29.15838304,19.04955321,55.66397964,15.00543947,31.63580247,28.63809928,68.1484,117.246,99.3533,95.9426,25.1493,54.45227418,29.59641256,57.66174801,30.07945516,ACC,39,32,46.6,36.6,32.0,7.2,F4,2,0.000999000999000999
2022,Georgia St.,22.11175627,30.96846847,33.24099723,44.71544715,16.59774148,32.45098039,30.39399625,68.0766,99.4819,98.7445,99.8547,1.60473,48.65168539,31.68539326,47.01240135,34.32919955,SB,26,18,46.2,32.4,37.5,-5.1,R64,16,0.0001999600079984003
2022,Gonzaga,16.1800989,23.42007435,22.74698795,58.68263473,15.62946726,29.12346843,30.63872255,73.7789,118.061,89.7889,89.7223,30.95,56.12903226,28.17204301,54.55403492,29.87258141,WCC,32,28,41.8,37.0,30.5,6.7,S16,1,0.2
2022,Houston,21.67609069,27.9704797,34.74787818,53.06572563,16.94821878,37.67684289,28.9810322,65.0876,113.748,89.3955,89.0751,27.7036,53.16455696,31.43459916,44.60367219,33.04970891,Amer,38,32,43.4,33.8,28.8,6.2,E8,5,0.03225806451612903
2022,Illinois,15.54249278,26.58436214,28.2245827,52.49350649,18.06648733,33.10043668,32.0,67.921,108.749,98.0884,93.3033,18.7457,46.25407166,36.03420195,56.71776375,25.29305681,B10,33,23,45.2,35.9,31.9,4.2,R32,4,0.043478260869565216
2022,Indiana,17.70658112,25.23659306,30.68862275,50.60362173,17.24829314,27.10280374,33.50100604,67.8082,103.153,96.3854,92.9255,14.0437,56.25504439,24.93946731,45.59585492,34.32642487,B10,35,21,43.9,33.3,33.0,0.2,R64,12,0.006622516556291391
2022,Iowa,19.23520435,29.98466258,26.26728111,53.25150732,13.03283233,32.28228228,30.01722653,70.2984,117.431,100.921,97.7535,22.7221,49.41569282,33.15525876,53.86416862,30.32786885,B10,36,26,49.9,36.3,32.9,4.5,R64,5,0.009900990099009901
2022,Iowa St.,24.56084824,28.28828829,36.70391061,49.06043677,20.42517276,28.39090143,27.06957847,67.2461,96.8521,92.239,88.5019,14.633,53.57142857,30.57491289,51.43901325,26.99862951,B12,35,22,50.8,31.5,28.9,2.8,S16,11,0.006622516556291391
2022,Jacksonville St.,17.07009064,27.07581227,21.60493827,53.56489945,19.70774313,28.24974411,32.05362584,66.1555,106.164,100.427,103.153,1.97112,45.28301887,37.64150943,46.52087475,38.76739563,ASun,30,21,47.5,38.0,32.7,-5.2,R64,15,0.000999000999000999
2022,Kansas,18.06214875,28.43853821,27.70634591,53.78186377,17.24276134,32.85821455,32.34433765,69.5448,111.437,96.1531,91.701,27.4855,54.84180249,27.42090125,54.27509294,27.88104089,B12,40,34,46.4,36.1,29.8,10.4,Champions,1,0.06666666666666667
2022,Kentucky,17.4967984,24.87804878,25.42120912,53.11621368,16.6535792,37.67123288,28.02249297,69.2574,114.128,95.9264,94.2785,25.7224,60.94039245,22.99148464,54.08749448,29.56252762,SEC,34,26,47.3,34.7,30.8,6.9,R64,2,0.1111111111111111
2022,LSU,25.08148893,30.93877551,37.7562028,49.32668329,20.72850325,33.85502471,33.36658354,70.4792,102.099,89.775,88.6547,18.6489,53.42521281,26.75314147,43.78478664,33.81261596,SEC,34,22,47.6,31.6,28.2,2.3,R64,6,0.012345679012345678
2022,Longwood,20.11278435,24.42996743,26.52037618,51.30066546,18.73798643,33.63363363,35.2692075,67.153,108.101,99.2291,103.697,2.22179,46.60377358,33.39622642,49.82060482,34.13634034,BSth,29,26,53.9,38.4,32.1,-2.3,R64,14,0.0004997501249375312
2022,Loyola Chicago,20.10132854,24.01466544,28.89534884,55.56516724,18.45752831,25.12562814,31.48788927,65.5308,108.587,92.7513,92.0696,16.521,46.56587473,36.67386609,50.90909091,30.60606061,MVC,32,25,47.3,37.6,30.9,1.8,R64,10,0.006622516556291391
2022,Marquette,18.93732158,31.64155432,29.46473237,52.14099217,17.16059347,22.53141831,26.21409922,71.6118,102.828,99.3666,96.1711,13.0612,49.4723512,34.8248206,51.83246073,30.10471204,BE,32,19,46.4,34.4,32.0,0.6,R64,9,0.009900990099009901
2022,Memphis,20.43951355,30.86124402,33.19587629,52.32189974,22.48773202,37.37556561,37.78364116,71.0152,105.859,96.637,93.9532,17.2324,55.16129032,24.7983871,44.78935698,35.38802661,Amer,33,22,45.5,35.5,32.0,1.4,R32,9,0.007936507936507936
2022,Miami FL,20.44320065,30.34705408,24.81273408,53.34737828,13.97282841,22.39800167,28.83895131,67.8876,108.617,103.51,99.0951,14.8019,55.11695906,28.17982456,53.32308874,32.84671533,ACC,37,26,53.0,33.9,34.5,2.6,E8,10,0.006622516556291391
2022,Michigan,14.73778301,24.04844291,25.61403509,52.14614205,17.26675169,30.97426471,29.38170669,67.4537,107.489,103.056,97.2491,16.6067,56.7611336,25.87044534,55.50847458,28.60169492,B10,34,19,50.4,33.9,32.4,0.2,S16,11,0.009900990099009901
2022,Michigan St.,15.26506684,27.09433962,28.34424696,51.96697426,18.78462648,30.68469992,29.86886838,67.8746,106.465,102.137,97.0978,14.7609,52.05690119,30.21914648,52.07243461,30.6639839,B10,36,23,48.5,37.8,31.6,2.9,R32,7,0.012345679012345678
2022,Montana St.,18.21541137,23.45013477,35.98691385,53.57538803,18.60667319,26.77543186,39.9113082,68.9119,107.722,99.7226,101.374,2.94097,48.90864996,29.22392886,49.91304348,28.43478261,BSky,33,27,48.9,37.0,33.6,-2.8,R64,14,0.0004997501249375312
2022,Murray St.,20.42699077,25.74626866,25.97101449,52.64721772,17.09391535,35.28872594,32.36088601,67.4603,112.46,93.1917,96.0967,15.4202,51.83932347,30.57082452,52.74949084,31.77189409,OVC,31,31,50.5,34.5,29.7,3.5,R32,7,0.006622516556291391
2022,New Mexico St.,16.84490234,25.78055308,28.31760133,51.98714202,20.83073839,32.43781095,34.65809468,67.6864,104.141,95.7672,96.4588,10.6128,48.97400821,32.14774282,47.041273,33.86374938,WAC,31,27,45.6,33.4,29.8,0.7,R32,12,0.000999000999000999
2022,Norfolk St.,18.47951281,27.79850746,33.59707851,50.92415551,20.10856077,30.3125,38.30465264,70.1549,102.866,95.2653,102.616,-0.490868,50.66931086,28.55726326,45.55198285,35.36977492,MEAC,28,24,47.1,34.0,29.5,-3.1,R64,16,0.0003332222592469177
2022,North Carolina,13.61858919,21.55405405,21.42857143,51.47364051,16.43622834,31.86029936,30.3030303,70.3015,109.6,100.051,94.2598,20.1328,49.24292298,32.38973009,53.74100719,32.48201439,ACC,39,29,47.5,35.8,33.7,4.3,2ND,8,0.007936507936507936
2022,Notre Dame,15.11570899,24.70881864,22.19463754,53.95909806,15.55640021,22.08982585,27.26796015,65.7995,108.005,100.61,97.15,15.2456,46.53061224,37.46938776,56.63019694,29.80306346,ACC,34,24,49.6,37.9,32.0,1.9,R32,11,0.006622516556291391
2022,Ohio St.,15.47830953,28.65853659,29.13978495,54.2816092,17.04995327,29.32790224,33.3908046,65.1113,110.96,103.242,99.3034,16.2427,48.77629884,32.33147274,50.41551247,31.30193906,B10,32,20,45.8,36.5,33.8,1.3,R32,7,0.014925373134328358
2022,Providence,15.56130647,27.39837398,26.98979592,50.0,17.00467403,30.34001744,37.0091447,66.0324,106.358,98.5467,95.5738,15.8887,47.88135593,30.88983051,54.02930403,29.12087912,BE,33,27,47.1,34.4,30.0,5.9,S16,4,0.014925373134328358
2022,Purdue,14.08789886,23.78459237,21.57303371,56.51862464,17.45936183,35.21367521,38.20439351,66.655,117.904,101.864,98.6234,22.3616,48.43324251,32.1866485,50.78988942,35.5450237,B10,37,29,48.6,38.4,33.2,7.0,S16,3,0.07692307692307693
2022,Richmond,18.9695282,27.46031746,23.38146251,51.08901515,14.38655395,22.42617717,31.01325758,67.3783,104.736,100.792,98.6568,9.44565,49.01065449,33.10502283,54.10742496,31.51658768,A10,37,24,49.9,33.0,34.3,-1.6,R32,12,0.000999000999000999
2022,Rutgers,17.65496517,26.82268227,28.55561704,49.86530172,17.3262823,29.61956522,26.23922414,65.5435,103.126,100.108,96.1322,10.816,57.2080292,27.23540146,48.19163927,34.2414279,B10,32,18,47.1,33.9,33.9,-0.7,R68,11,0.014925373134328358
2022,Saint Mary's,19.23712069,21.70172084,25.14188422,52.71213749,16.91939531,27.32615083,23.30827068,65.3723,106.339,93.8995,90.5786,19.5287,54.31560593,31.255449,58.7537092,25.37091988,WCC,33,26,47.0,35.5,34.3,3.9,R32,5,0.009900990099009901
2022,Saint Peter's,20.54030923,28.95419188,41.16305587,47.48062016,20.08986385,30.8707124,37.43078627,66.7851,98.9653,93.3946,93.0264,7.24295,52.42009132,25.89041096,47.85748676,26.86567164,MAAC,33,22,44.5,34.6,29.2,-5.6,E8,15,0.000999000999000999
2022,San Diego St.,21.90109032,27.32191163,31.02232667,48.66553095,19.3467515,29.49438202,31.11868257,65.3113,99.0336,88.1079,86.3084,17.0661,54.37171524,27.52030578,49.56989247,31.12903226,MWC,32,23,43.5,35.4,30.0,2.6,R64,8,0.00398406374501992
2022,San Francisco,18.37175023,23.95209581,32.99894403,53.09845077,17.90177522,29.94880546,28.53573213,70.6563,107.315,95.0446,93.0889,17.3778,47.79674474,36.56212783,57.59209344,22.50673854,WCC,33,24,48.7,34.3,28.9,1.6,R64,10,0.004975124378109453
2022,Seton Hall,18.5224262,29.11944202,27.78082192,47.21179625,17.67836628,32.26919758,30.50938338,68.5265,102.428,96.7449,93.4768,13.6114,50.15989036,30.28780265,52.96404276,27.98833819,BE,31,21,45.1,33.2,31.1,1.9,R64,8,0.00398406374501992
2022,South Dakota St.,15.81963919,24.3153527,21.26631223,59.24870466,15.26975869,23.66336634,34.61139896,71.355,118.382,103.634,104.825,10.5795,50.60844667,31.24552613,49.83686786,36.82707993,Sum,33,30,50.3,43.7,35.2,1.5,R64,13,0.000999000999000999
2022,TCU,18.58838986,26.12687813,26.94889004,48.70096791,21.36796217,37.8956373,31.43148242,67.2198,101.14,95.912,91.6505,17.019,57.90378007,24.22680412,54.82555505,28.4096058,B12,34,21,48.0,30.2,30.9,2.9,R32,9,0.00398406374501992
2022,Tennessee,22.93056789,27.22772277,31.48535565,50.66445183,17.72470924,32.45823389,28.95111533,68.6654,106.48,90.7901,86.395,25.0952,47.45235317,35.58926488,48.57013164,32.00181571,SEC,35,27,46.0,35.9,31.3,8.0,R32,3,0.0196078431372549
2022,Texas,22.97379198,29.71014493,39.11007026,50.0795334,17.76277407,31.6399287,31.97242842,64.4321,106.049,93.1247,91.5777,20.8759,51.90252245,28.85848653,51.30940834,26.62463628,B12,34,22,46.6,33.0,31.8,3.4,R32,6,0.0196078431372549
2022,Texas A&M Corpus Chris,22.59760849,28.81040892,42.26925338,47.15206878,19.65009434,34.01885176,37.99032778,71.9284,101.972,98.6414,103.161,-6.54882,52.63157895,24.34210526,44.74637681,30.70652174,Slnd,31,23,50.3,31.8,31.5,-7.6,R68,16,0.0001999600079984003
2022,Texas Southern,17.2895213,27.94117647,33.38641189,48.16612729,21.35501597,33.01393728,33.6030205,69.6921,98.5621,94.6418,98.8743,-1.28402,56.4056134,24.44545043,51.82033097,28.93617021,SWAC,32,19,45.1,31.4,30.4,-6.8,R64,16,0.0001999600079984003
2022,Texas Tech,23.24103135,25.87141751,31.86646434,52.62773723,19.8244011,33.10696095,35.13381995,67.3351,105.819,89.1032,85.0186,25.6364,55.79302587,25.30933633,42.78074866,37.8342246,B12,37,27,44.5,32.1,31.5,6.6,S16,3,0.043478260869565216
2022,UAB,21.07213029,27.48091603,31.3061872,52.8306491,16.40371118,33.21917808,29.33138116,69.9952,111.626,96.3411,98.7709,13.6746,53.63984674,29.31034483,50.66785396,30.72128228,CUSA,33,27,47.8,38.0,32.9,-0.1,R64,12,0.00398406374501992
2022,UCLA,19.42188234,25.27379949,28.28542094,50.53538175,13.21532429,31.39442231,29.42271881,66.5276,111.629,95.2022,91.6541,24.2586,55.32398636,26.94202349,50.62056738,31.64893617,P12,35,27,47.3,35.4,32.1,5.1,S16,4,0.047619047619047616
2022,USC,14.40568441,26.74772036,26.80212869,51.1988012,17.95303011,33.47315436,30.91908092,67.4781,106.263,97.0304,95.6321,14.1386,55.26208858,28.03738318,50.91395453,31.43111904,P12,34,26,42.0,35.7,33.2,4.1,R64,7,0.012345679012345678
2022,Vermont,16.91302535,18.8057041,23.27252626,57.13119216,14.68884667,23.66026289,26.72836146,65.1707,114.322,93.5638,97.9395,13.1952,49.77669509,35.44457978,50.76846802,34.8041646,AE,33,28,45.3,36.8,34.4,-0.8,R64,13,0.000999000999000999
2022,Villanova,18.4369812,28.87700535,24.96447181,51.54711674,15.50851215,31.18536197,29.77027661,63.5883,112.499,98.138,92.9078,24.5614,41.59941306,39.06823184,49.26563156,34.49433487,BE,38,30,48.1,35.9,30.8,7.3,F4,2,0.047619047619047616
2022,Virginia Tech,18.67856754,26.2195122,25.60786342,55.14891469,17.02405573,27.85388128,24.48258455,63.584,111.0,98.6441,96.1358,18.863,48.1757552,37.54413495,53.16231756,30.51747015,ACC,36,23,49.3,39.2,32.3,1.7,R64,11,0.004975124378109453
2022,Wisconsin,17.05245779,24.42067736,27.1657754,47.72138788,12.98157927,26.01351351,32.41843604,66.9947,104.319,98.3092,94.0081,15.3417,52.16637782,27.68630849,55.94855305,28.11208085,B10,33,25,49.0,30.7,32.5,6.5,R32,3,0.0196078431372549
2022,Wright St.,18.60436526,30.01672241,26.09322441,51.73913043,17.66185337,30.95843936,31.5942029,69.7225,108.682,103.609,106.59,-0.276113,55.39160045,25.65266742,56.24012638,28.43601896,Horz,35,22,51.9,33.4,33.8,-8.4,R64,16,0.0003332222592469177
2022,Wyoming,15.67157438,24.56140351,24.78013451,52.31326644,17.02646554,25.51594747,37.06800446,66.0907,106.796,98.0097,97.1771,11.9366,48.1764207,31.42493639,53.32103321,30.7195572,MWC,33,25,48.4,33.0,30.1,1.9,R68,12,0.004975124378109453
2022,Yale,18.20126582,26.74524025,32.05932687,49.712313,18.39036988,25.80645161,32.16340621,70.2089,101.064,99.0814,98.7569,1.98256,52.19831618,28.62488307,50.16658734,31.41361257,Ivy,30,19,51.2,32.6,30.5,-4.9,R64,14,0.0004997501249375312
2021,Abilene Christian,26.4921193,27.85114046,41.12587959,51.2145749,19.16451183,30.58690745,32.72604588,70.9645,104.151,86.9821,91.5665,10.1138,50.45822102,31.37466307,50.94217024,25.53606238,Slnd,23,23,46.3,37.7,29.1,-1.1,R32,14,0.0001999600079984003
2021,Alabama,20.5026388,29.16030534,30.68679981,51.67058824,18.5982435,32.24553225,28.8,74.5199,106.757,93.7315,87.7822,25.0857,43.81894256,39.7109167,54.64764375,26.58884565,SEC,30,24,46.4,35.1,28.8,6.8,S16,2,0.047619047619047616
2021,Appalachian St.,19.84818501,30.21077283,23.65145228,46.93806541,17.66252178,28.19956616,32.70702853,66.0627,99.5291,100.552,103.078,-4.70592,43.81290705,36.05683837,52.95508274,32.44680851,SB,24,17,50.4,32.6,33.5,-7.7,R68,16,0.0001999600079984003
2021,Arkansas,20.10645203,26.4681555,29.00919305,50.7480695,17.11540958,31.73156587,32.67374517,74.9592,107.98,94.1515,89.5839,21.5629,53.91705069,26.84331797,49.91166078,32.86219081,SEC,28,22,46.9,33.9,32.6,4.6,E8,3,0.024390243902439025
2021,BYU,15.65875827,23.4063745,29.37062937,54.91216656,18.9638941,28.67132867,27.91151594,69.9893,108.683,97.2928,92.5374,21.1242,51.67416292,32.68365817,52.39687848,29.93311037,WCC,25,20,45.5,37.3,32.4,3.3,R64,6,0.012345679012345678
2021,Baylor,24.43318602,30.60817547,31.30328867,56.54825027,16.52833172,37.29308666,26.51113468,69.2981,119.106,94.4826,91.1275,33.867,49.69843185,36.06755127,53.56415479,28.2586558,B12,24,22,48.1,41.8,34.0,6.6,Champions,1,0.25
2021,Clemson,21.54955358,26.93773825,28.93280632,49.96220711,19.37541465,26.56449553,23.20483749,64.8227,99.6176,95.3285,90.9309,15.4785,46.72657253,38.12580231,47.91386272,34.92597577,ACC,23,16,47.5,34.6,33.7,2.9,R64,7,0.012345679012345678
2021,Cleveland St.,20.00308359,32.32533889,37.64705882,50.51347882,18.76964948,30.71965628,32.54172015,67.5598,102.943,102.675,100.699,-0.128764,55.276907,26.95924765,47.03433923,31.06139438,Horz,26,19,50.9,31.9,30.8,-2.7,R64,15,0.0001999600079984003
2021,Colgate,16.33490838,25.34992224,26.27952756,56.61691542,14.70996985,28.23741007,30.94527363,72.551,116.843,94.9766,101.02,9.24837,50.91709464,32.57520176,57.45062837,26.12208259,Pat,15,14,49.5,40.2,26.1,0.3,R64,14,0.0001999600079984003
2021,Colorado,19.76493841,25.60521415,29.05444126,52.39669421,17.12961329,30.84479371,29.47658402,66.4055,109.887,96.4254,91.2182,25.1002,49.74358974,31.53846154,51.90989226,29.97061704,P12,30,22,46.5,36.7,33.3,2.6,R32,5,0.0196078431372549
2021,Connecticut,19.56486177,29.5143213,36.76588898,48.95533141,17.53639784,37.35083532,29.03458213,66.0719,107.563,97.2044,92.5226,20.607,54.18181818,28.18181818,51.17845118,27.07070707,BE,22,15,45.6,33.6,31.6,2.1,R64,7,0.0196078431372549
2021,Creighton,17.95993553,28.34179357,25.51614611,55.02148228,15.74948192,24.55315146,25.67132116,69.5192,108.383,97.5385,92.7989,20.5882,49.68152866,37.32484076,50.6855792,33.33333333,BE,28,20,46.1,36.7,32.1,3.5,S16,5,0.043478260869565216
2021,Drake,18.44619321,25.20576132,29.91829038,53.44431688,15.28546909,31.98757764,24.62686567,66.0081,112.244,97.8573,98.1997,14.269,58.23719428,27.68804799,54.25531915,27.44680851,MVC,27,25,49.7,36.6,30.8,1.5,R64,11,0.012345679012345678
2021,Drexel,15.91768284,24.09090909,26.42348754,53.31818182,19.40441337,28.71125612,27.27272727,65.9644,106.873,102.44,105.789,0.667188,52.45202559,30.91684435,57.12166172,26.48367953,CAA,19,12,50.4,37.2,32.1,-4.5,R64,16,0.0001999600079984003
2021,Eastern Washington,16.12878684,25.6440281,27.39531583,54.24981523,16.55483027,23.63387978,30.45084996,71.4359,109.449,99.3138,101.284,8.1876,49.2495831,32.35130628,52.99877601,29.74296206,BSky,22,16,47.6,35.9,31.6,-3.6,R64,14,0.0001999600079984003
2021,Florida,20.23299023,30.71038251,35.11659808,53.12722104,21.19377468,31.07769424,33.90191898,70.4582,104.726,99.3763,94.0952,16.9501,53.29018339,27.34627832,51.67899829,27.66078543,SEC,23,14,48.4,35.7,30.6,1.4,R32,7,0.0196078431372549
2021,Florida St.,19.51344031,31.66311301,35.15358362,54.00410678,20.42104218,34.36724566,32.44353183,69.8693,109.672,98.0914,92.8288,22.1166,51.94401244,29.8600311,45.54913295,32.60115607,ACC,22,16,44.2,39.0,33.3,2.5,S16,4,0.058823529411764705
2021,Georgetown,16.22927942,26.91924227,25.85456805,49.44115713,21.51196433,32.15811966,30.83497699,70.2549,101.191,101.58,95.0171,12.9084,46.09585353,34.89499192,49.59742351,34.94363929,BE,25,13,47.4,36.6,32.6,-1.0,R64,12,0.004975124378109453
2021,Georgia Tech,22.64830069,30.38277512,28.86597938,54.06477198,16.05869731,24.37574316,28.42035691,67.6721,107.931,100.828,96.1627,17.5017,54.41478439,29.5687885,52.60845689,31.13673806,ACC,25,17,50.7,34.9,36.7,1.9,R64,9,0.009900990099009901
2021,Gonzaga,19.31163044,23.78100941,25.68667345,61.0178117,16.12793432,30.07063572,35.72519084,74.3411,121.917,93.4015,89.9493,36.4833,57.6434215,24.73376846,54.88789238,29.19282511,WCC,26,26,46.8,36.5,32.5,8.5,2ND,1,0.25
2021,Grand Canyon,16.17245852,23.17708333,30.10204082,52.52136752,19.96511472,33.57452967,33.41880342,66.5446,107.24,94.5532,97.068,8.32183,54.96997999,27.01801201,49.12812737,32.06974981,WAC,20,17,44.9,32.2,29.9,-3.2,R64,15,0.001996007984031936
2021,Hartford,20.05418366,29.02467685,24.36363636,49.92337165,19.61822315,24.6835443,28.58237548,66.9021,98.0276,95.7182,99.9541,-2.97996,48.78980892,34.20382166,53.58539765,31.87744459,AE,23,15,50.7,32.7,28.7,-4.9,R64,16,0.0001999600079984003
2021,Houston,21.13032424,27.8584392,41.15044248,50.37273695,16.19333259,39.82142857,31.25665602,65.3395,114.665,90.0351,89.5795,28.7483,45.82256675,35.65891473,47.1106219,29.38910292,Amer,26,24,43.0,35.5,28.5,4.0,F4,2,0.058823529411764705
2021,Illinois,16.03161542,22.12765957,30.05872931,55.55250137,18.13632471,32.20675944,37.93293018,71.2356,111.507,95.508,88.9091,29.0623,56.54785743,24.38926712,53.47744361,28.33646617,B10,29,23,45.4,37.6,32.7,8.9,R32,1,0.05263157894736842
2021,Iona,19.68754982,26.875,46.105919,50.69306931,22.4772836,32.56198347,34.45544554,69.7,101.976,94.57,100.959,-0.776268,48.94777864,30.86515978,46.93019344,27.50210261,MAAC,17,12,45.8,35.5,30.1,-3.2,R64,15,0.000999000999000999
2021,Iowa,16.10077726,29.09967846,22.17782218,54.74247833,13.33416483,30.80317741,31.97348292,70.8489,117.659,102.413,96.6751,26.8703,47.93834297,34.79768786,50.11086475,36.58536585,B10,29,21,45.8,38.6,34.8,5.6,R32,2,0.047619047619047616
2021,Kansas,19.95468213,26.7961165,26.76139728,49.42791762,17.08990103,30.53722903,29.80549199,69.5113,103.907,96.4919,90.1543,19.976,51.66508088,30.54234063,50.30674847,32.66871166,B12,27,20,45.9,33.8,32.6,4.2,R32,3,0.038461538461538464
2021,LSU,17.92470677,32.05574913,29.77223427,52.27646736,15.55996973,31.44475921,33.9550192,72.5804,112.572,103.253,99.7562,20.3488,50.78026149,29.60776044,48.60155892,33.42503439,SEC,27,18,51.3,35.0,30.0,2.4,R32,8,0.0196078431372549
2021,Liberty,17.37168292,22.78177458,30.49327354,56.86994857,16.01162234,23.21187584,25.42248347,64.703,112.557,96.5108,101.166,8.59581,44.2487617,40.9466153,52.62483995,29.19334187,ASun,24,23,47.8,38.8,32.2,-1.7,R64,13,0.001996007984031936
2021,Loyola Chicago,21.51249603,20.93541203,22.71805274,55.67656766,18.26940618,27.0783848,31.48514851,63.3033,109.948,88.4525,87.0001,24.3209,53.58898722,29.35103245,55.77981651,29.5412844,MVC,26,24,45.5,35.7,32.5,1.7,S16,8,0.024390243902439025
2021,Maryland,16.81657197,26.46502836,24.97082847,53.1585597,16.71465335,20.64171123,31.83828174,65.4117,103.836,100.618,94.1372,17.628,47.17444717,35.52825553,46.55870445,37.95546559,B10,28,16,46.4,34.9,34.3,0.2,R32,10,0.009900990099009901
2021,Michigan,14.77955582,24.69135802,24.32273263,54.69336671,16.56782948,29.62962963,30.35043805,67.5747,111.591,95.842,87.9246,29.6713,53.22656618,29.10975035,54.11635565,28.64983535,B10,24,20,42.3,38.7,33.5,7.2,E8,1,0.2
2021,Michigan St.,15.21903153,26.33663366,36.86153846,48.0733945,18.77873721,30.49147442,31.31498471,68.9434,99.9455,102.901,94.2447,12.8955,53.39506173,27.4691358,51.93370166,26.51933702,B10,27,15,48.1,32.0,31.5,1.4,R68,11,0.014925373134328358
2021,Missouri,17.98385786,28.84411453,36.69301713,50.76820307,18.74221331,28.52386238,37.0741483,70.3466,103.247,101.379,95.4914,15.1401,50.70717653,28.91566265,52.29946524,26.47058824,SEC,25,16,48.3,32.0,32.7,2.1,R64,9,0.0196078431372549
2021,Morehead St.,17.64248473,25.31280077,23.05882353,52.2236756,23.09839764,31.43164693,36.23283192,67.0465,100.54,95.8243,97.4248,3.1913,52.78622087,28.11550152,51.06609808,34.70149254,OVC,28,23,47.6,34.7,30.7,-2.0,R64,14,0.0001999600079984003
2021,Mount St. Mary's,16.0290823,24.87745098,25.0,48.5898469,20.08707782,31.32992327,29.81466559,63.5797,98.4456,97.1736,101.125,-6.61986,51.58184319,31.36176066,55.48567435,27.04402516,NEC,22,12,45.6,33.7,30.1,-7.2,R68,16,0.0001999600079984003
2021,Norfolk St.,20.40355708,29.32242991,40.6368461,48.68131868,17.57474533,27.76470588,37.06959707,71.8463,101.778,98.2887,103.621,-4.47308,46.59158269,32.18731476,41.51867728,35.27250459,MEAC,21,16,47.2,37.4,31.7,-5.0,R64,16,0.0001999600079984003
2021,North Carolina,19.04876436,26.40449438,26.87427912,48.30230011,20.34754374,40.91316025,34.17305586,71.6853,104.665,97.6775,91.6568,18.6195,58.59697387,22.28335626,49.50690335,34.46745562,ACC,28,18,46.8,31.7,34.4,2.3,R64,8,0.0196078431372549
2021,North Texas,20.85701296,27.66884532,30.59392265,53.84615385,19.7772221,27.94117647,26.95772696,64.6312,104.4,95.1786,94.9558,11.76,51.40997831,32.86334056,50.62987403,30.0539892,CUSA,25,17,44.8,37.3,31.6,-2.5,R32,13,0.0004997501249375312
2021,Ohio,19.23653187,26.65066026,29.28216063,54.68642316,17.07315291,28.64137087,29.29014473,71.262,110.481,102.163,100.921,10.4687,51.80084746,32.25635593,49.22547332,32.70223752,MAC,22,16,51.6,36.6,33.7,-2.0,R32,13,0.0001999600079984003
2021,Ohio St.,14.71299058,27.00087951,33.49807798,52.91153415,15.51465994,29.32692308,37.17805151,67.5975,112.865,104.051,97.1132,23.5777,47.40802676,31.60535117,48.00362976,32.39564428,B10,30,21,47.4,36.5,34.1,6.0,R64,2,0.06666666666666667
2021,Oklahoma,18.45877188,27.72073922,23.72464659,50.79754601,15.6555773,26.96280992,29.32515337,69.0519,106.099,99.7457,95.0534,17.0597,50.69582505,31.61033797,49.20466596,35.4718982,B12,25,15,46.3,33.8,35.4,0.3,R32,8,0.024390243902439025
2021,Oklahoma St.,19.70156605,30.1369863,31.31691649,51.17977528,20.95530207,31.3559322,37.58426966,72.9724,103.047,97.8116,90.6688,18.9454,54.50587723,24.81497606,49.97707474,30.67400275,B12,28,20,46.9,33.8,31.7,4.6,R32,4,0.00398406374501992
2021,Oral Roberts,18.43099567,33.50409836,31.56611822,53.01697046,15.48203636,22.65795207,27.90697674,72.7061,108.015,105.839,104.433,4.82806,41.42300195,40.78947368,55.4336989,26.47058824,Sum,23,16,49.0,38.8,35.6,-5.1,S16,15,0.0001999600079984003
2021,Oregon,20.20043024,27.65027322,26.67091025,54.23728814,16.73749934,29.12087912,25.968523,68.0679,110.095,100.958,95.3783,21.8498,51.97901764,33.47639485,50.54830287,32.74151436,P12,26,20,49.9,37.9,33.6,3.0,S16,7,0.0196078431372549
2021,Oregon St.,17.91312136,29.93572084,38.47913093,48.95774648,17.6302826,29.87974098,34.87323944,65.755,104.282,103.319,95.6867,16.4001,48.75621891,29.85074627,49.31506849,28.35616438,P12,28,17,52.5,34.6,31.4,-1.6,E8,12,0.0033222591362126247
2021,Purdue,16.77561943,24.25793245,30.14566181,51.03383459,18.63957715,32.81086729,31.70426065,66.5157,105.98,99.5298,92.9249,20.3262,51.58371041,30.31674208,45.93147752,36.61670236,B10,27,18,49.7,33.5,31.5,3.8,R64,4,0.014925373134328358
2021,Rutgers,18.8924189,29.68441815,32.44416873,50.06053269,16.75266979,27.693857,27.11864407,68.1267,101.012,98.7982,90.6256,17.4758,58.69004642,26.61165549,51.24141574,29.318542,B10,26,15,47.4,31.1,32.1,1.9,R32,10,0.012345679012345678
2021,San Diego St.,22.3557975,24.31243124,32.52669039,52.37012987,16.65617586,30.05464481,33.24675325,66.6106,109.614,92.8979,91.1105,19.8752,46.79130874,34.71450227,40.78947368,39.11483254,MWC,26,23,44.6,37.5,32.8,2.8,R64,6,0.0196078431372549
2021,St. Bonaventure,19.18605181,29.06208719,28.64493997,49.75490196,16.41392265,32.78236915,28.02287582,65.2756,107.626,93.5896,90.9625,19.0377,55.47246771,27.32834806,46.76539361,36.00935308,A10,20,16,45.1,35.4,30.6,2.1,R64,9,0.001996007984031936
2021,Syracuse,20.16862929,34.02255639,24.07192575,51.2492564,16.30983542,29.20892495,28.31647829,69.0692,107.821,101.16,96.9039,16.7469,48.30548926,33.93794749,47.35234216,36.96537678,ACC,25,16,49.3,33.7,31.6,0.5,S16,11,0.009900990099009901
2021,Tennessee,22.84652015,28.75264271,30.56300268,49.61389961,18.15867285,31.30990415,34.42728443,68.7356,104.438,92.1779,88.0957,19.9465,51.93199382,27.51159196,48.42473746,32.20536756,SEC,26,18,44.8,33.8,31.8,2.4,R64,5,0.027777777777777776
2021,Texas,17.77906357,27.45861733,35.90880304,52.87653523,20.67210646,31.12299465,33.87201034,69.4184,105.879,97.268,92.761,20.3053,46.812749,34.66135458,51.90010858,27.03583062,B12,26,19,45.8,35.7,32.3,4.2,R64,3,0.06666666666666667
2021,Texas Southern,19.3442623,26.45833333,34.25302826,47.67363452,20.76502732,32.36870311,38.50303439,72.8471,99.4706,95.7997,104.197,-4.3657,59.29592959,18.48184818,47.82110092,31.8233945,SWAC,23,16,45.2,27.7,32.4,-4.5,R64,16,0.0001999600079984003
2021,Texas Tech,23.74250866,30.02070393,35.55120678,49.43181818,16.03257574,33.30039526,37.91866029,66.9565,107.244,93.6431,90.9072,21.8128,52.21112696,26.39087019,47.02673213,32.73322422,B12,27,17,44.8,34.7,35.1,0.9,R32,6,0.047619047619047616
2021,UC Santa Barbara,20.46446604,24.33414044,27.32600733,52.58992806,16.41916462,28.24427481,35.25179856,66.5501,109.199,94.3902,96.2226,13.629,53.15904139,26.47058824,55.38074261,26.80931403,BW,24,22,46.6,34.8,33.4,-0.2,R64,12,0.0001999600079984003
2021,UCLA,17.49582328,25.07015903,28.16123689,52.02156334,15.68591053,30.45112782,31.5902965,64.9534,108.815,101.634,94.4951,22.4293,54.32098765,27.84163474,51.87214612,31.50684932,P12,26,17,49.4,36.7,35.1,1.0,F4,11,0.03225806451612903
2021,UNC Greensboro,21.09594873,25.70888469,36.53962492,47.90174002,15.51450938,32.14581607,23.74616172,70.1982,103.625,95.5341,95.8401,7.79094,54.27135678,31.24714481,46.93069307,31.93069307,SC,29,21,48.3,30.0,31.9,-3.5,R64,13,0.001996007984031936
2021,USC,16.92415614,28.27309237,24.1,52.73865415,18.02886607,34.91921005,36.25456442,67.5935,109.05,94.9393,88.0996,27.5785,55.80266882,25.96037202,50.83798883,32.68156425,P12,29,22,42.2,34.8,34.2,3.6,E8,6,0.038461538461538464
2021,Utah St.,19.46359265,21.39303483,25.58433354,49.79091995,20.08148449,35.28225806,29.15173238,69.3603,103.576,89.7291,89.4533,15.3377,55.78163772,26.94789082,46.90366972,35.95183486,MWC,27,20,42.9,33.6,33.0,-1.1,R64,11,0.014925373134328358
2021,VCU,23.68523144,31.42857143,35.41523679,50.89041096,20.6360982,28.47058824,34.04109589,70.2879,101.518,92.1215,90.1747,15.039,52.68240343,27.03862661,51.23966942,27.62691854,A10,26,19,45.9,32.9,30.5,1.3,R64,10,0.009900990099009901
2021,Villanova,18.40392982,25.66585956,25.57636888,53.21576763,13.72702356,27.77115614,30.01383126,65.5399,113.745,101.209,96.022,23.0179,45.56149733,36.73796791,50.39085989,34.81659651,BE,22,16,51.0,35.2,35.4,3.2,S16,5,0.08333333333333333
2021,Virginia,15.25305839,22.5647349,24.75397426,55.42986425,14.99120331,22.70194986,21.71945701,60.8067,111.715,98.8209,93.2835,21.422,48.91495601,37.30205279,50.4957039,33.31130205,ACC,24,18,46.1,38.1,34.0,3.4,R64,4,0.038461538461538464
2021,Virginia Tech,17.9245283,24.3537415,31.90082645,52.25806452,17.18328841,27.8308322,33.38709677,66.3604,106.578,98.1002,95.261,14.4371,47.69716088,34.06940063,49.20744314,32.25361819,ACC,21,15,47.6,35.7,33.0,0.9,R64,10,0.0196078431372549
2021,West Virginia,20.95089483,31.13948919,27.94886694,48.91243726,16.78974713,35.94176524,37.92526492,70.3926,108.579,100.882,96.2734,20.5137,49.30896121,28.88987963,52.65677358,31.45045476,B12,27,18,51.3,35.7,32.3,3.0,R32,3,0.047619047619047616
2021,Wichita St.,18.23170676,33.33333333,29.2256453,47.06881903,15.75219464,29.77893368,38.23279524,67.6344,103.413,99.888,97.1859,12.3017,43.86459803,34.27362482,51.27830533,31.11760409,Amer,19,16,47.6,34.5,30.8,1.3,R68,11,0.009900990099009901
2021,Winthrop,21.99457044,22.10767468,34.36823105,52.63157895,19.34195893,35.37117904,35.59210526,72.3815,108.817,92.5411,96.5091,8.48455,49.18864097,31.94726166,51.55131265,29.53460621,BSth,24,23,49.2,35.3,32.4,0.9,R64,12,0.001996007984031936
2021,Wisconsin,17.34311725,25.16682555,28.44727694,49.94459834,13.64065402,23.79182156,26.26038781,65.7309,105.607,97.6254,90.5711,22.3986,45.96215967,37.24042455,53.41987019,29.05641538,B10,29,17,47.1,36.0,33.0,2.2,R32,9,0.038461538461538464
